n_steps,4096
gamma,0.9815629920783245
learning_rate,3.185875331863637e-05
clip_range,0.10692545774744526
gae_lambda,0.873701388032408
